Workbook

Sheet Instructions
B2: Texas Playoffs — Season Data Entry Template
B3: One workbook per season. Enter one row per playoff game on the Games tab; chapter counts are calculated for you.
B5: Season year | D5: 2026
B7: Legend
C8: Yellow = you fill this in
C9: Grey = automatic, don't type here
C10: Red = something to check
B12: How to fill in the Games tab
B13: Teams and scores are filled in automatically from the UIL brackets during the playoffs — usually all you add is the Chapter.
B14: 1. Week: 1–6. The round name fills in automatically (1 Bi-District, 2 Area, 3 Regionals, 4 Quarterfinals, 5 Semifinals, 6 Championship).
B15: 2. Classification and Chapter: pick from the dropdown. Don't type free text — that's what keeps the counts consistent.
B16: 3. Teams: use the school's full name, the same spelling every year (e.g. "Fort Bend Ridge Point", not "FB Ridge Point").
B17: 4. Scores: whole numbers. Winner fills in automatically.
B18: 5. Forfeit: pick Y and leave Chapter blank (no crew worked it). Enter the winner's score as 2 and the loser's as 0, as in past seasons.
B19: 6. Check column: should be empty. Fix any row it flags.
B20: 7. When done, look at Chapter Stats: the Difference row should be all zeros (green).
B21: New chapter? Add its code and name at the bottom of the Lists tab and it appears in the dropdown.
B22: Expected games per week live on the Lists tab — change them if the bracket size changes (e.g. 2023 was 320/192/96/48/24/12).
B24: Example row (format only — not counted)
B25: Week | C25: Round | D25: Classification | E25: Chapter | F25: Team 1 | G25: Score 1 | H25: Team 2 | I25: Score 2 | J25: Forfeit | K25: Winner | L25: Notes
B26: 2 | C26: Area | D26: 6A D1 | E26: HOU | F26: Cy-Fair | G26: 20 | H26: Fort Bend Ridge Point | I26: 41 | K26: Fort Bend Ridge Point | L26: Played at Tully Stadium

Sheet Games
A1: Week | B1: Round | C1: Classification | D1: Chapter | E1: Team 1 | F1: Score 1 | G1: Team 2 | H1: Score 2 | I1: Forfeit | J1: Winner | K1: Notes | L1: Check
B2: =IF(A2="","",IFERROR(INDEX(Lists!$G$2:$G$7,MATCH(A2,Lists!$F$2:$F$7,0)),"?")) | J2: =IF(OR(F2="",H2=""),"",IF(F2>H2,E2,IF(H2>F2,G2,""))) | L2: =IF(COUNTA(A2,C2,D2,E2,F2,G2,H2,I2)=0,"",IF(OR(A2="",C2="",E2="",G2=""),"Missing week/class/team",IF(AND(D2="",I2<>"Y"),"No chapter (forfeit?)",IF(AND(D2<>"",I2="Y"),"Forfeit has a chapter",IF(OR(F2="",H2=""),"Missing score",IF(F2=H2,"Tie score",IF(COUNTIFS($A$2:$A$801,A2,$E$2:$E$801,E2)+COUNTIFS($A$2:$A$801,A2,$G$2:$G$801,E2)>1,"Team 1 listed twice this week",IF(COUNTIFS($A$2:$A$801,A2,$E$2:$E$801,G2)+COUNTIFS($A$2:$A$801,A2,$G$2:$G$801,G2)>1,"Team 2 listed twice this week",""))))))))
B3: =IF(A3="","",IFERROR(INDEX(Lists!$G$2:$G$7,MATCH(A3,Lists!$F$2:$F$7,0)),"?")) | J3: =IF(OR(F3="",H3=""),"",IF(F3>H3,E3,IF(H3>F3,G3,""))) | L3: =IF(COUNTA(A3,C3,D3,E3,F3,G3,H3,I3)=0,"",IF(OR(A3="",C3="",E3="",G3=""),"Missing week/class/team",IF(AND(D3="",I3<>"Y"),"No chapter (forfeit?)",IF(AND(D3<>"",I3="Y"),"Forfeit has a chapter",IF(OR(F3="",H3=""),"Missing score",IF(F3=H3,"Tie score",IF(COUNTIFS($A$2:$A$801,A3,$E$2:$E$801,E3)+COUNTIFS($A$2:$A$801,A3,$G$2:$G$801,E3)>1,"Team 1 listed twice this week",IF(COUNTIFS($A$2:$A$801,A3,$E$2:$E$801,G3)+COUNTIFS($A$2:$A$801,A3,$G$2:$G$801,G3)>1,"Team 2 listed twice this week",""))))))))
B4: =IF(A4="","",IFERROR(INDEX(Lists!$G$2:$G$7,MATCH(A4,Lists!$F$2:$F$7,0)),"?")) | J4: =IF(OR(F4="",H4=""),"",IF(F4>H4,E4,IF(H4>F4,G4,""))) | L4: =IF(COUNTA(A4,C4,D4,E4,F4,G4,H4,I4)=0,"",IF(OR(A4="",C4="",E4="",G4=""),"Missing week/class/team",IF(AND(D4="",I4<>"Y"),"No chapter (forfeit?)",IF(AND(D4<>"",I4="Y"),"Forfeit has a chapter",IF(OR(F4="",H4=""),"Missing score",IF(F4=H4,"Tie score",IF(COUNTIFS($A$2:$A$801,A4,$E$2:$E$801,E4)+COUNTIFS($A$2:$A$801,A4,$G$2:$G$801,E4)>1,"Team 1 listed twice this week",IF(COUNTIFS($A$2:$A$801,A4,$E$2:$E$801,G4)+COUNTIFS($A$2:$A$801,A4,$G$2:$G$801,G4)>1,"Team 2 listed twice this week",""))))))))
B5: =IF(A5="","",IFERROR(INDEX(Lists!$G$2:$G$7,MATCH(A5,Lists!$F$2:$F$7,0)),"?")) | J5: =IF(OR(F5="",H5=""),"",IF(F5>H5,E5,IF(H5>F5,G5,""))) | L5: =IF(COUNTA(A5,C5,D5,E5,F5,G5,H5,I5)=0,"",IF(OR(A5="",C5="",E5="",G5=""),"Missing week/class/team",IF(AND(D5="",I5<>"Y"),"No chapter (forfeit?)",IF(AND(D5<>"",I5="Y"),"Forfeit has a chapter",IF(OR(F5="",H5=""),"Missing score",IF(F5=H5,"Tie score",IF(COUNTIFS($A$2:$A$801,A5,$E$2:$E$801,E5)+COUNTIFS($A$2:$A$801,A5,$G$2:$G$801,E5)>1,"Team 1 listed twice this week",IF(COUNTIFS($A$2:$A$801,A5,$E$2:$E$801,G5)+COUNTIFS($A$2:$A$801,A5,$G$2:$G$801,G5)>1,"Team 2 listed twice this week",""))))))))
B6: =IF(A6="","",IFERROR(INDEX(Lists!$G$2:$G$7,MATCH(A6,Lists!$F$2:$F$7,0)),"?")) | J6: =IF(OR(F6="",H6=""),"",IF(F6>H6,E6,IF(H6>F6,G6,""))) | L6: =IF(COUNTA(A6,C6,D6,E6,F6,G6,H6,I6)=0,"",IF(OR(A6="",C6="",E6="",G6=""),"Missing week/class/team",IF(AND(D6="",I6<>"Y"),"No chapter (forfeit?)",IF(AND(D6<>"",I6="Y"),"Forfeit has a chapter",IF(OR(F6="",H6=""),"Missing score",IF(F6=H6,"Tie score",IF(COUNTIFS($A$2:$A$801,A6,$E$2:$E$801,E6)+COUNTIFS($A$2:$A$801,A6,$G$2:$G$801,E6)>1,"Team 1 listed twice this week",IF(COUNTIFS($A$2:$A$801,A6,$E$2:$E$801,G6)+COUNTIFS($A$2:$A$801,A6,$G$2:$G$801,G6)>1,"Team 2 listed twice this week",""))))))))
B7: =IF(A7="","",IFERROR(INDEX(Lists!$G$2:$G$7,MATCH(A7,Lists!$F$2:$F$7,0)),"?")) | J7: =IF(OR(F7="",H7=""),"",IF(F7>H7,E7,IF(H7>F7,G7,""))) | L7: =IF(COUNTA(A7,C7,D7,E7,F7,G7,H7,I7)=0,"",IF(OR(A7="",C7="",E7="",G7=""),"Missing week/class/team",IF(AND(D7="",I7<>"Y"),"No chapter (forfeit?)",IF(AND(D7<>"",I7="Y"),"Forfeit has a chapter",IF(OR(F7="",H7=""),"Missing score",IF(F7=H7,"Tie score",IF(COUNTIFS($A$2:$A$801,A7,$E$2:$E$801,E7)+COUNTIFS($A$2:$A$801,A7,$G$2:$G$801,E7)>1,"Team 1 listed twice this week",IF(COUNTIFS($A$2:$A$801,A7,$E$2:$E$801,G7)+COUNTIFS($A$2:$A$801,A7,$G$2:$G$801,G7)>1,"Team 2 listed twice this week",""))))))))
B8: =IF(A8="","",IFERROR(INDEX(Lists!$G$2:$G$7,MATCH(A8,Lists!$F$2:$F$7,0)),"?")) | J8: =IF(OR(F8="",H8=""),"",IF(F8>H8,E8,IF(H8>F8,G8,""))) | L8: =IF(COUNTA(A8,C8,D8,E8,F8,G8,H8,I8)=0,"",IF(OR(A8="",C8="",E8="",G8=""),"Missing week/class/team",IF(AND(D8="",I8<>"Y"),"No chapter (forfeit?)",IF(AND(D8<>"",I8="Y"),"Forfeit has a chapter",IF(OR(F8="",H8=""),"Missing score",IF(F8=H8,"Tie score",IF(COUNTIFS($A$2:$A$801,A8,$E$2:$E$801,E8)+COUNTIFS($A$2:$A$801,A8,$G$2:$G$801,E8)>1,"Team 1 listed twice this week",IF(COUNTIFS($A$2:$A$801,A8,$E$2:$E$801,G8)+COUNTIFS($A$2:$A$801,A8,$G$2:$G$801,G8)>1,"Team 2 listed twice this week",""))))))))
B9: =IF(A9="","",IFERROR(INDEX(Lists!$G$2:$G$7,MATCH(A9,Lists!$F$2:$F$7,0)),"?")) | J9: =IF(OR(F9="",H9=""),"",IF(F9>H9,E9,IF(H9>F9,G9,""))) | L9: =IF(COUNTA(A9,C9,D9,E9,F9,G9,H9,I9)=0,"",IF(OR(A9="",C9="",E9="",G9=""),"Missing week/class/team",IF(AND(D9="",I9<>"Y"),"No chapter (forfeit?)",IF(AND(D9<>"",I9="Y"),"Forfeit has a chapter",IF(OR(F9="",H9=""),"Missing score",IF(F9=H9,"Tie score",IF(COUNTIFS($A$2:$A$801,A9,$E$2:$E$801,E9)+COUNTIFS($A$2:$A$801,A9,$G$2:$G$801,E9)>1,"Team 1 listed twice this week",IF(COUNTIFS($A$2:$A$801,A9,$E$2:$E$801,G9)+COUNTIFS($A$2:$A$801,A9,$G$2:$G$801,G9)>1,"Team 2 listed twice this week",""))))))))
B10: =IF(A10="","",IFERROR(INDEX(Lists!$G$2:$G$7,MATCH(A10,Lists!$F$2:$F$7,0)),"?")) | J10: =IF(OR(F10="",H10=""),"",IF(F10>H10,E10,IF(H10>F10,G10,""))) | L10: =IF(COUNTA(A10,C10,D10,E10,F10,G10,H10,I10)=0,"",IF(OR(A10="",C10="",E10="",G10=""),"Missing week/class/team",IF(AND(D10="",I10<>"Y"),"No chapter (forfeit?)",IF(AND(D10<>"",I10="Y"),"Forfeit has a chapter",IF(OR(F10="",H10=""),"Missing score",IF(F10=H10,"Tie score",IF(COUNTIFS($A$2:$A$801,A10,$E$2:$E$801,E10)+COUNTIFS($A$2:$A$801,A10,$G$2:$G$801,E10)>1,"Team 1 listed twice this week",IF(COUNTIFS($A$2:$A$801,A10,$E$2:$E$801,G10)+COUNTIFS($A$2:$A$801,A10,$G$2:$G$801,G10)>1,"Team 2 listed twice this week",""))))))))
B11: =IF(A11="","",IFERROR(INDEX(Lists!$G$2:$G$7,MATCH(A11,Lists!$F$2:$F$7,0)),"?")) | J11: =IF(OR(F11="",H11=""),"",IF(F11>H11,E11,IF(H11>F11,G11,""))) | L11: =IF(COUNTA(A11,C11,D11,E11,F11,G11,H11,I11)=0,"",IF(OR(A11="",C11="",E11="",G11=""),"Missing week/class/team",IF(AND(D11="",I11<>"Y"),"No chapter (forfeit?)",IF(AND(D11<>"",I11="Y"),"Forfeit has a chapter",IF(OR(F11="",H11=""),"Missing score",IF(F11=H11,"Tie score",IF(COUNTIFS($A$2:$A$801,A11,$E$2:$E$801,E11)+COUNTIFS($A$2:$A$801,A11,$G$2:$G$801,E11)>1,"Team 1 listed twice this week",IF(COUNTIFS($A$2:$A$801,A11,$E$2:$E$801,G11)+COUNTIFS($A$2:$A$801,A11,$G$2:$G$801,G11)>1,"Team 2 listed twice this week",""))))))))
B12: =IF(A12="","",IFERROR(INDEX(Lists!$G$2:$G$7,MATCH(A12,Lists!$F$2:$F$7,0)),"?")) | J12: =IF(OR(F12="",H12=""),"",IF(F12>H12,E12,IF(H12>F12,G12,""))) | L12: =IF(COUNTA(A12,C12,D12,E12,F12,G12,H12,I12)=0,"",IF(OR(A12="",C12="",E12="",G12=""),"Missing week/class/team",IF(AND(D12="",I12<>"Y"),"No chapter (forfeit?)",IF(AND(D12<>"",I12="Y"),"Forfeit has a chapter",IF(OR(F12="",H12=""),"Missing score",IF(F12=H12,"Tie score",IF(COUNTIFS($A$2:$A$801,A12,$E$2:$E$801,E12)+COUNTIFS($A$2:$A$801,A12,$G$2:$G$801,E12)>1,"Team 1 listed twice this week",IF(COUNTIFS($A$2:$A$801,A12,$E$2:$E$801,G12)+COUNTIFS($A$2:$A$801,A12,$G$2:$G$801,G12)>1,"Team 2 listed twice this week",""))))))))
B13: =IF(A13="","",IFERROR(INDEX(Lists!$G$2:$G$7,MATCH(A13,Lists!$F$2:$F$7,0)),"?")) | J13: =IF(OR(F13="",H13=""),"",IF(F13>H13,E13,IF(H13>F13,G13,""))) | L13: =IF(COUNTA(A13,C13,D13,E13,F13,G13,H13,I13)=0,"",IF(OR(A13="",C13="",E13="",G13=""),"Missing week/class/team",IF(AND(D13="",I13<>"Y"),"No chapter (forfeit?)",IF(AND(D13<>"",I13="Y"),"Forfeit has a chapter",IF(OR(F13="",H13=""),"Missing score",IF(F13=H13,"Tie score",IF(COUNTIFS($A$2:$A$801,A13,$E$2:$E$801,E13)+COUNTIFS($A$2:$A$801,A13,$G$2:$G$801,E13)>1,"Team 1 listed twice this week",IF(COUNTIFS($A$2:$A$801,A13,$E$2:$E$801,G13)+COUNTIFS($A$2:$A$801,A13,$G$2:$G$801,G13)>1,"Team 2 listed twice this week",""))))))))
... B801: =IF(A801="","",IFERROR(INDEX(Lists!$G$2:$G$7,MATCH(A801,Lists!$F$2:$F$7,0)),"?")) | J801: =IF(OR(F801="",H801=""),"",IF(F801>H801,E801,IF(H801>F801,G801,""))) | L801: =IF(COUNTA(A801,C801,D801,E801,F801,G801,H801,I801)=0,"",IF(OR(A801="",C801="",E801="",G801=""),"Missing week/class/team",IF(AND(D801="",I801<>"Y"),"No chapter (forfeit?)",IF(AND(D801<>"",I801="Y"),"Forfeit has a chapter",IF(OR(F801="",H801=""),"Missing score",IF(F801=H801,"Tie score",IF(COUNTIFS($A$2:$A$801,A801,$E$2:$E$801,E801)+COUNTIFS($A$2:$A$801,A801,$G$2:$G$801,E801)>1,"Team 1 listed twice this week",IF(COUNTIFS($A$2:$A$801,A801,$E$2:$E$801,G801)+COUNTIFS($A$2:$A$801,A801,$G$2:$G$801,G801)>1,"Team 2 listed twice this week",""))))))))

Sheet Chapter Stats
A1: Code | B1: Chapter | C1: Wk 1 Bi-District | D1: Wk 2 Area | E1: Wk 3 Regionals | F1: Wk 4 Quarterfinals | G1: Wk 5 Semifinals | H1: Wk 6 Championship | I1: Total
A2: =IF(Lists!A2="","",Lists!A2) | B2: =IF(Lists!B2="","",Lists!B2) | C2: =IF($A2="","",COUNTIFS(Games!$D$2:$D$801,$A2,Games!$A$2:$A$801,1)) | D2: =IF($A2="","",COUNTIFS(Games!$D$2:$D$801,$A2,Games!$A$2:$A$801,2)) | E2: =IF($A2="","",COUNTIFS(Games!$D$2:$D$801,$A2,Games!$A$2:$A$801,3)) | F2: =IF($A2="","",COUNTIFS(Games!$D$2:$D$801,$A2,Games!$A$2:$A$801,4)) | G2: =IF($A2="","",COUNTIFS(Games!$D$2:$D$801,$A2,Games!$A$2:$A$801,5)) | H2: =IF($A2="","",COUNTIFS(Games!$D$2:$D$801,$A2,Games!$A$2:$A$801,6)) | I2: =IF($A2="","",SUM(C2:H2))
A3: =IF(Lists!A3="","",Lists!A3) | B3: =IF(Lists!B3="","",Lists!B3) | C3: =IF($A3="","",COUNTIFS(Games!$D$2:$D$801,$A3,Games!$A$2:$A$801,1)) | D3: =IF($A3="","",COUNTIFS(Games!$D$2:$D$801,$A3,Games!$A$2:$A$801,2)) | E3: =IF($A3="","",COUNTIFS(Games!$D$2:$D$801,$A3,Games!$A$2:$A$801,3)) | F3: =IF($A3="","",COUNTIFS(Games!$D$2:$D$801,$A3,Games!$A$2:$A$801,4)) | G3: =IF($A3="","",COUNTIFS(Games!$D$2:$D$801,$A3,Games!$A$2:$A$801,5)) | H3: =IF($A3="","",COUNTIFS(Games!$D$2:$D$801,$A3,Games!$A$2:$A$801,6)) | I3: =IF($A3="","",SUM(C3:H3))
A4: =IF(Lists!A4="","",Lists!A4) | B4: =IF(Lists!B4="","",Lists!B4) | C4: =IF($A4="","",COUNTIFS(Games!$D$2:$D$801,$A4,Games!$A$2:$A$801,1)) | D4: =IF($A4="","",COUNTIFS(Games!$D$2:$D$801,$A4,Games!$A$2:$A$801,2)) | E4: =IF($A4="","",COUNTIFS(Games!$D$2:$D$801,$A4,Games!$A$2:$A$801,3)) | F4: =IF($A4="","",COUNTIFS(Games!$D$2:$D$801,$A4,Games!$A$2:$A$801,4)) | G4: =IF($A4="","",COUNTIFS(Games!$D$2:$D$801,$A4,Games!$A$2:$A$801,5)) | H4: =IF($A4="","",COUNTIFS(Games!$D$2:$D$801,$A4,Games!$A$2:$A$801,6)) | I4: =IF($A4="","",SUM(C4:H4))
A5: =IF(Lists!A5="","",Lists!A5) | B5: =IF(Lists!B5="","",Lists!B5) | C5: =IF($A5="","",COUNTIFS(Games!$D$2:$D$801,$A5,Games!$A$2:$A$801,1)) | D5: =IF($A5="","",COUNTIFS(Games!$D$2:$D$801,$A5,Games!$A$2:$A$801,2)) | E5: =IF($A5="","",COUNTIFS(Games!$D$2:$D$801,$A5,Games!$A$2:$A$801,3)) | F5: =IF($A5="","",COUNTIFS(Games!$D$2:$D$801,$A5,Games!$A$2:$A$801,4)) | G5: =IF($A5="","",COUNTIFS(Games!$D$2:$D$801,$A5,Games!$A$2:$A$801,5)) | H5: =IF($A5="","",COUNTIFS(Games!$D$2:$D$801,$A5,Games!$A$2:$A$801,6)) | I5: =IF($A5="","",SUM(C5:H5))
A6: =IF(Lists!A6="","",Lists!A6) | B6: =IF(Lists!B6="","",Lists!B6) | C6: =IF($A6="","",COUNTIFS(Games!$D$2:$D$801,$A6,Games!$A$2:$A$801,1)) | D6: =IF($A6="","",COUNTIFS(Games!$D$2:$D$801,$A6,Games!$A$2:$A$801,2)) | E6: =IF($A6="","",COUNTIFS(Games!$D$2:$D$801,$A6,Games!$A$2:$A$801,3)) | F6: =IF($A6="","",COUNTIFS(Games!$D$2:$D$801,$A6,Games!$A$2:$A$801,4)) | G6: =IF($A6="","",COUNTIFS(Games!$D$2:$D$801,$A6,Games!$A$2:$A$801,5)) | H6: =IF($A6="","",COUNTIFS(Games!$D$2:$D$801,$A6,Games!$A$2:$A$801,6)) | I6: =IF($A6="","",SUM(C6:H6))
A7: =IF(Lists!A7="","",Lists!A7) | B7: =IF(Lists!B7="","",Lists!B7) | C7: =IF($A7="","",COUNTIFS(Games!$D$2:$D$801,$A7,Games!$A$2:$A$801,1)) | D7: =IF($A7="","",COUNTIFS(Games!$D$2:$D$801,$A7,Games!$A$2:$A$801,2)) | E7: =IF($A7="","",COUNTIFS(Games!$D$2:$D$801,$A7,Games!$A$2:$A$801,3)) | F7: =IF($A7="","",COUNTIFS(Games!$D$2:$D$801,$A7,Games!$A$2:$A$801,4)) | G7: =IF($A7="","",COUNTIFS(Games!$D$2:$D$801,$A7,Games!$A$2:$A$801,5)) | H7: =IF($A7="","",COUNTIFS(Games!$D$2:$D$801,$A7,Games!$A$2:$A$801,6)) | I7: =IF($A7="","",SUM(C7:H7))
A8: =IF(Lists!A8="","",Lists!A8) | B8: =IF(Lists!B8="","",Lists!B8) | C8: =IF($A8="","",COUNTIFS(Games!$D$2:$D$801,$A8,Games!$A$2:$A$801,1)) | D8: =IF($A8="","",COUNTIFS(Games!$D$2:$D$801,$A8,Games!$A$2:$A$801,2)) | E8: =IF($A8="","",COUNTIFS(Games!$D$2:$D$801,$A8,Games!$A$2:$A$801,3)) | F8: =IF($A8="","",COUNTIFS(Games!$D$2:$D$801,$A8,Games!$A$2:$A$801,4)) | G8: =IF($A8="","",COUNTIFS(Games!$D$2:$D$801,$A8,Games!$A$2:$A$801,5)) | H8: =IF($A8="","",COUNTIFS(Games!$D$2:$D$801,$A8,Games!$A$2:$A$801,6)) | I8: =IF($A8="","",SUM(C8:H8))
A9: =IF(Lists!A9="","",Lists!A9) | B9: =IF(Lists!B9="","",Lists!B9) | C9: =IF($A9="","",COUNTIFS(Games!$D$2:$D$801,$A9,Games!$A$2:$A$801,1)) | D9: =IF($A9="","",COUNTIFS(Games!$D$2:$D$801,$A9,Games!$A$2:$A$801,2)) | E9: =IF($A9="","",COUNTIFS(Games!$D$2:$D$801,$A9,Games!$A$2:$A$801,3)) | F9: =IF($A9="","",COUNTIFS(Games!$D$2:$D$801,$A9,Games!$A$2:$A$801,4)) | G9: =IF($A9="","",COUNTIFS(Games!$D$2:$D$801,$A9,Games!$A$2:$A$801,5)) | H9: =IF($A9="","",COUNTIFS(Games!$D$2:$D$801,$A9,Games!$A$2:$A$801,6)) | I9: =IF($A9="","",SUM(C9:H9))
A10: =IF(Lists!A10="","",Lists!A10) | B10: =IF(Lists!B10="","",Lists!B10) | C10: =IF($A10="","",COUNTIFS(Games!$D$2:$D$801,$A10,Games!$A$2:$A$801,1)) | D10: =IF($A10="","",COUNTIFS(Games!$D$2:$D$801,$A10,Games!$A$2:$A$801,2)) | E10: =IF($A10="","",COUNTIFS(Games!$D$2:$D$801,$A10,Games!$A$2:$A$801,3)) | F10: =IF($A10="","",COUNTIFS(Games!$D$2:$D$801,$A10,Games!$A$2:$A$801,4)) | G10: =IF($A10="","",COUNTIFS(Games!$D$2:$D$801,$A10,Games!$A$2:$A$801,5)) | H10: =IF($A10="","",COUNTIFS(Games!$D$2:$D$801,$A10,Games!$A$2:$A$801,6)) | I10: =IF($A10="","",SUM(C10:H10))
A11: =IF(Lists!A11="","",Lists!A11) | B11: =IF(Lists!B11="","",Lists!B11) | C11: =IF($A11="","",COUNTIFS(Games!$D$2:$D$801,$A11,Games!$A$2:$A$801,1)) | D11: =IF($A11="","",COUNTIFS(Games!$D$2:$D$801,$A11,Games!$A$2:$A$801,2)) | E11: =IF($A11="","",COUNTIFS(Games!$D$2:$D$801,$A11,Games!$A$2:$A$801,3)) | F11: =IF($A11="","",COUNTIFS(Games!$D$2:$D$801,$A11,Games!$A$2:$A$801,4)) | G11: =IF($A11="","",COUNTIFS(Games!$D$2:$D$801,$A11,Games!$A$2:$A$801,5)) | H11: =IF($A11="","",COUNTIFS(Games!$D$2:$D$801,$A11,Games!$A$2:$A$801,6)) | I11: =IF($A11="","",SUM(C11:H11))
A12: =IF(Lists!A12="","",Lists!A12) | B12: =IF(Lists!B12="","",Lists!B12) | C12: =IF($A12="","",COUNTIFS(Games!$D$2:$D$801,$A12,Games!$A$2:$A$801,1)) | D12: =IF($A12="","",COUNTIFS(Games!$D$2:$D$801,$A12,Games!$A$2:$A$801,2)) | E12: =IF($A12="","",COUNTIFS(Games!$D$2:$D$801,$A12,Games!$A$2:$A$801,3)) | F12: =IF($A12="","",COUNTIFS(Games!$D$2:$D$801,$A12,Games!$A$2:$A$801,4)) | G12: =IF($A12="","",COUNTIFS(Games!$D$2:$D$801,$A12,Games!$A$2:$A$801,5)) | H12: =IF($A12="","",COUNTIFS(Games!$D$2:$D$801,$A12,Games!$A$2:$A$801,6)) | I12: =IF($A12="","",SUM(C12:H12))
A13: =IF(Lists!A13="","",Lists!A13) | B13: =IF(Lists!B13="","",Lists!B13) | C13: =IF($A13="","",COUNTIFS(Games!$D$2:$D$801,$A13,Games!$A$2:$A$801,1)) | D13: =IF($A13="","",COUNTIFS(Games!$D$2:$D$801,$A13,Games!$A$2:$A$801,2)) | E13: =IF($A13="","",COUNTIFS(Games!$D$2:$D$801,$A13,Games!$A$2:$A$801,3)) | F13: =IF($A13="","",COUNTIFS(Games!$D$2:$D$801,$A13,Games!$A$2:$A$801,4)) | G13: =IF($A13="","",COUNTIFS(Games!$D$2:$D$801,$A13,Games!$A$2:$A$801,5)) | H13: =IF($A13="","",COUNTIFS(Games!$D$2:$D$801,$A13,Games!$A$2:$A$801,6)) | I13: =IF($A13="","",SUM(C13:H13))
... A41: =IF(Lists!A41="","",Lists!A41) | B41: =IF(Lists!B41="","",Lists!B41) | C41: =IF($A41="","",COUNTIFS(Games!$D$2:$D$801,$A41,Games!$A$2:$A$801,1)) | D41: =IF($A41="","",COUNTIFS(Games!$D$2:$D$801,$A41,Games!$A$2:$A$801,2)) | E41: =IF($A41="","",COUNTIFS(Games!$D$2:$D$801,$A41,Games!$A$2:$A$801,3)) | F41: =IF($A41="","",COUNTIFS(Games!$D$2:$D$801,$A41,Games!$A$2:$A$801,4)) | G41: =IF($A41="","",COUNTIFS(Games!$D$2:$D$801,$A41,Games!$A$2:$A$801,5)) | H41: =IF($A41="","",COUNTIFS(Games!$D$2:$D$801,$A41,Games!$A$2:$A$801,6)) | I41: =IF($A41="","",SUM(C41:H41))
B43: Forfeits (no chapter) | C43: =COUNTIFS(Games!$A$2:$A$801,1,Games!$I$2:$I$801,"Y") | D43: =COUNTIFS(Games!$A$2:$A$801,2,Games!$I$2:$I$801,"Y") | E43: =COUNTIFS(Games!$A$2:$A$801,3,Games!$I$2:$I$801,"Y") | F43: =COUNTIFS(Games!$A$2:$A$801,4,Games!$I$2:$I$801,"Y") | G43: =COUNTIFS(Games!$A$2:$A$801,5,Games!$I$2:$I$801,"Y") | H43: =COUNTIFS(Games!$A$2:$A$801,6,Games!$I$2:$I$801,"Y") | I43: =SUM(C43:H43)
B44: Total entered | C44: =COUNTIFS(Games!$A$2:$A$801,1) | D44: =COUNTIFS(Games!$A$2:$A$801,2) | E44: =COUNTIFS(Games!$A$2:$A$801,3) | F44: =COUNTIFS(Games!$A$2:$A$801,4) | G44: =COUNTIFS(Games!$A$2:$A$801,5) | H44: =COUNTIFS(Games!$A$2:$A$801,6) | I44: =SUM(C44:H44)
B45: Expected | C45: =Lists!H2 | D45: =Lists!H3 | E45: =Lists!H4 | F45: =Lists!H5 | G45: =Lists!H6 | H45: =Lists!H7 | I45: =SUM(C45:H45)
B46: Difference | C46: =C44-C45 | D46: =D44-D45 | E46: =E44-E45 | F46: =F44-F45 | G46: =G44-G45 | H46: =H44-H45 | I46: =SUM(C46:H46)
B47: Difference should be 0 every week. Positive = extra/duplicate rows; negative = games still missing.

Sheet By Classification
A1: Classification | B1: Wk 1 | C1: Wk 2 | D1: Wk 3 | E1: Wk 4 | F1: Wk 5 | G1: Wk 6 | H1: Total | I1: Unassigned
A2: =Lists!D2 | B2: =COUNTIFS(Games!$C$2:$C$801,$A2,Games!$A$2:$A$801,1) | C2: =COUNTIFS(Games!$C$2:$C$801,$A2,Games!$A$2:$A$801,2) | D2: =COUNTIFS(Games!$C$2:$C$801,$A2,Games!$A$2:$A$801,3) | E2: =COUNTIFS(Games!$C$2:$C$801,$A2,Games!$A$2:$A$801,4) | F2: =COUNTIFS(Games!$C$2:$C$801,$A2,Games!$A$2:$A$801,5) | G2: =COUNTIFS(Games!$C$2:$C$801,$A2,Games!$A$2:$A$801,6) | H2: =SUM(B2:G2) | I2: =COUNTIFS(Games!$C$2:$C$801,$A2,Games!$D$2:$D$801,"")-COUNTIFS(Games!$C$2:$C$801,$A2,Games!$D$2:$D$801,"",Games!$A$2:$A$801,"")
A3: =Lists!D3 | B3: =COUNTIFS(Games!$C$2:$C$801,$A3,Games!$A$2:$A$801,1) | C3: =COUNTIFS(Games!$C$2:$C$801,$A3,Games!$A$2:$A$801,2) | D3: =COUNTIFS(Games!$C$2:$C$801,$A3,Games!$A$2:$A$801,3) | E3: =COUNTIFS(Games!$C$2:$C$801,$A3,Games!$A$2:$A$801,4) | F3: =COUNTIFS(Games!$C$2:$C$801,$A3,Games!$A$2:$A$801,5) | G3: =COUNTIFS(Games!$C$2:$C$801,$A3,Games!$A$2:$A$801,6) | H3: =SUM(B3:G3) | I3: =COUNTIFS(Games!$C$2:$C$801,$A3,Games!$D$2:$D$801,"")-COUNTIFS(Games!$C$2:$C$801,$A3,Games!$D$2:$D$801,"",Games!$A$2:$A$801,"")
A4: =Lists!D4 | B4: =COUNTIFS(Games!$C$2:$C$801,$A4,Games!$A$2:$A$801,1) | C4: =COUNTIFS(Games!$C$2:$C$801,$A4,Games!$A$2:$A$801,2) | D4: =COUNTIFS(Games!$C$2:$C$801,$A4,Games!$A$2:$A$801,3) | E4: =COUNTIFS(Games!$C$2:$C$801,$A4,Games!$A$2:$A$801,4) | F4: =COUNTIFS(Games!$C$2:$C$801,$A4,Games!$A$2:$A$801,5) | G4: =COUNTIFS(Games!$C$2:$C$801,$A4,Games!$A$2:$A$801,6) | H4: =SUM(B4:G4) | I4: =COUNTIFS(Games!$C$2:$C$801,$A4,Games!$D$2:$D$801,"")-COUNTIFS(Games!$C$2:$C$801,$A4,Games!$D$2:$D$801,"",Games!$A$2:$A$801,"")
A5: =Lists!D5 | B5: =COUNTIFS(Games!$C$2:$C$801,$A5,Games!$A$2:$A$801,1) | C5: =COUNTIFS(Games!$C$2:$C$801,$A5,Games!$A$2:$A$801,2) | D5: =COUNTIFS(Games!$C$2:$C$801,$A5,Games!$A$2:$A$801,3) | E5: =COUNTIFS(Games!$C$2:$C$801,$A5,Games!$A$2:$A$801,4) | F5: =COUNTIFS(Games!$C$2:$C$801,$A5,Games!$A$2:$A$801,5) | G5: =COUNTIFS(Games!$C$2:$C$801,$A5,Games!$A$2:$A$801,6) | H5: =SUM(B5:G5) | I5: =COUNTIFS(Games!$C$2:$C$801,$A5,Games!$D$2:$D$801,"")-COUNTIFS(Games!$C$2:$C$801,$A5,Games!$D$2:$D$801,"",Games!$A$2:$A$801,"")
A6: =Lists!D6 | B6: =COUNTIFS(Games!$C$2:$C$801,$A6,Games!$A$2:$A$801,1) | C6: =COUNTIFS(Games!$C$2:$C$801,$A6,Games!$A$2:$A$801,2) | D6: =COUNTIFS(Games!$C$2:$C$801,$A6,Games!$A$2:$A$801,3) | E6: =COUNTIFS(Games!$C$2:$C$801,$A6,Games!$A$2:$A$801,4) | F6: =COUNTIFS(Games!$C$2:$C$801,$A6,Games!$A$2:$A$801,5) | G6: =COUNTIFS(Games!$C$2:$C$801,$A6,Games!$A$2:$A$801,6) | H6: =SUM(B6:G6) | I6: =COUNTIFS(Games!$C$2:$C$801,$A6,Games!$D$2:$D$801,"")-COUNTIFS(Games!$C$2:$C$801,$A6,Games!$D$2:$D$801,"",Games!$A$2:$A$801,"")
A7: =Lists!D7 | B7: =COUNTIFS(Games!$C$2:$C$801,$A7,Games!$A$2:$A$801,1) | C7: =COUNTIFS(Games!$C$2:$C$801,$A7,Games!$A$2:$A$801,2) | D7: =COUNTIFS(Games!$C$2:$C$801,$A7,Games!$A$2:$A$801,3) | E7: =COUNTIFS(Games!$C$2:$C$801,$A7,Games!$A$2:$A$801,4) | F7: =COUNTIFS(Games!$C$2:$C$801,$A7,Games!$A$2:$A$801,5) | G7: =COUNTIFS(Games!$C$2:$C$801,$A7,Games!$A$2:$A$801,6) | H7: =SUM(B7:G7) | I7: =COUNTIFS(Games!$C$2:$C$801,$A7,Games!$D$2:$D$801,"")-COUNTIFS(Games!$C$2:$C$801,$A7,Games!$D$2:$D$801,"",Games!$A$2:$A$801,"")
A8: =Lists!D8 | B8: =COUNTIFS(Games!$C$2:$C$801,$A8,Games!$A$2:$A$801,1) | C8: =COUNTIFS(Games!$C$2:$C$801,$A8,Games!$A$2:$A$801,2) | D8: =COUNTIFS(Games!$C$2:$C$801,$A8,Games!$A$2:$A$801,3) | E8: =COUNTIFS(Games!$C$2:$C$801,$A8,Games!$A$2:$A$801,4) | F8: =COUNTIFS(Games!$C$2:$C$801,$A8,Games!$A$2:$A$801,5) | G8: =COUNTIFS(Games!$C$2:$C$801,$A8,Games!$A$2:$A$801,6) | H8: =SUM(B8:G8) | I8: =COUNTIFS(Games!$C$2:$C$801,$A8,Games!$D$2:$D$801,"")-COUNTIFS(Games!$C$2:$C$801,$A8,Games!$D$2:$D$801,"",Games!$A$2:$A$801,"")
A9: =Lists!D9 | B9: =COUNTIFS(Games!$C$2:$C$801,$A9,Games!$A$2:$A$801,1) | C9: =COUNTIFS(Games!$C$2:$C$801,$A9,Games!$A$2:$A$801,2) | D9: =COUNTIFS(Games!$C$2:$C$801,$A9,Games!$A$2:$A$801,3) | E9: =COUNTIFS(Games!$C$2:$C$801,$A9,Games!$A$2:$A$801,4) | F9: =COUNTIFS(Games!$C$2:$C$801,$A9,Games!$A$2:$A$801,5) | G9: =COUNTIFS(Games!$C$2:$C$801,$A9,Games!$A$2:$A$801,6) | H9: =SUM(B9:G9) | I9: =COUNTIFS(Games!$C$2:$C$801,$A9,Games!$D$2:$D$801,"")-COUNTIFS(Games!$C$2:$C$801,$A9,Games!$D$2:$D$801,"",Games!$A$2:$A$801,"")
A10: =Lists!D10 | B10: =COUNTIFS(Games!$C$2:$C$801,$A10,Games!$A$2:$A$801,1) | C10: =COUNTIFS(Games!$C$2:$C$801,$A10,Games!$A$2:$A$801,2) | D10: =COUNTIFS(Games!$C$2:$C$801,$A10,Games!$A$2:$A$801,3) | E10: =COUNTIFS(Games!$C$2:$C$801,$A10,Games!$A$2:$A$801,4) | F10: =COUNTIFS(Games!$C$2:$C$801,$A10,Games!$A$2:$A$801,5) | G10: =COUNTIFS(Games!$C$2:$C$801,$A10,Games!$A$2:$A$801,6) | H10: =SUM(B10:G10) | I10: =COUNTIFS(Games!$C$2:$C$801,$A10,Games!$D$2:$D$801,"")-COUNTIFS(Games!$C$2:$C$801,$A10,Games!$D$2:$D$801,"",Games!$A$2:$A$801,"")
A11: =Lists!D11 | B11: =COUNTIFS(Games!$C$2:$C$801,$A11,Games!$A$2:$A$801,1) | C11: =COUNTIFS(Games!$C$2:$C$801,$A11,Games!$A$2:$A$801,2) | D11: =COUNTIFS(Games!$C$2:$C$801,$A11,Games!$A$2:$A$801,3) | E11: =COUNTIFS(Games!$C$2:$C$801,$A11,Games!$A$2:$A$801,4) | F11: =COUNTIFS(Games!$C$2:$C$801,$A11,Games!$A$2:$A$801,5) | G11: =COUNTIFS(Games!$C$2:$C$801,$A11,Games!$A$2:$A$801,6) | H11: =SUM(B11:G11) | I11: =COUNTIFS(Games!$C$2:$C$801,$A11,Games!$D$2:$D$801,"")-COUNTIFS(Games!$C$2:$C$801,$A11,Games!$D$2:$D$801,"",Games!$A$2:$A$801,"")
A12: =Lists!D12 | B12: =COUNTIFS(Games!$C$2:$C$801,$A12,Games!$A$2:$A$801,1) | C12: =COUNTIFS(Games!$C$2:$C$801,$A12,Games!$A$2:$A$801,2) | D12: =COUNTIFS(Games!$C$2:$C$801,$A12,Games!$A$2:$A$801,3) | E12: =COUNTIFS(Games!$C$2:$C$801,$A12,Games!$A$2:$A$801,4) | F12: =COUNTIFS(Games!$C$2:$C$801,$A12,Games!$A$2:$A$801,5) | G12: =COUNTIFS(Games!$C$2:$C$801,$A12,Games!$A$2:$A$801,6) | H12: =SUM(B12:G12) | I12: =COUNTIFS(Games!$C$2:$C$801,$A12,Games!$D$2:$D$801,"")-COUNTIFS(Games!$C$2:$C$801,$A12,Games!$D$2:$D$801,"",Games!$A$2:$A$801,"")
A13: =Lists!D13 | B13: =COUNTIFS(Games!$C$2:$C$801,$A13,Games!$A$2:$A$801,1) | C13: =COUNTIFS(Games!$C$2:$C$801,$A13,Games!$A$2:$A$801,2) | D13: =COUNTIFS(Games!$C$2:$C$801,$A13,Games!$A$2:$A$801,3) | E13: =COUNTIFS(Games!$C$2:$C$801,$A13,Games!$A$2:$A$801,4) | F13: =COUNTIFS(Games!$C$2:$C$801,$A13,Games!$A$2:$A$801,5) | G13: =COUNTIFS(Games!$C$2:$C$801,$A13,Games!$A$2:$A$801,6) | H13: =SUM(B13:G13) | I13: =COUNTIFS(Games!$C$2:$C$801,$A13,Games!$D$2:$D$801,"")-COUNTIFS(Games!$C$2:$C$801,$A13,Games!$D$2:$D$801,"",Games!$A$2:$A$801,"")
A14: Total | B14: =SUM(B2:B13) | C14: =SUM(C2:C13) | D14: =SUM(D2:D13) | E14: =SUM(E2:E13) | F14: =SUM(F2:F13) | G14: =SUM(G2:G13) | H14: =SUM(H2:H13) | I14: =SUM(I2:I13)
A15: Unassigned = games with no chapter (should equal forfeits).

Sheet Lists
A1: Chapter code | B1: Chapter name | D1: Classification | F1: Week | G1: Round | H1: Expected games
A2: ABI | B2: Abilene | D2: 1A D1 | F2: 1 | G2: Bi-District | H2: 352
A3: AMA | B3: Amarillo | D3: 1A D2 | F3: 2 | G3: Area | H3: 176
A4: AUS | B4: Austin | D4: 2A D1 | F4: 3 | G4: Regionals | H4: 88
A5: BEA | B5: Beaumont | D5: 2A D2 | F5: 4 | G5: Quarterfinals | H5: 44
A6: COM | B6: Commerce | D6: 3A D1 | F6: 5 | G6: Semifinals | H6: 22
A7: CSC | B7: College Station | D7: 3A D2 | F7: 6 | G7: Championship | H7: 10
A8: CTX | B8: Central Texas | D8: 4A D1
A9: DAL | B9: Dallas | D9: 4A D2
A10: ELP | B10: El Paso | D10: 5A D1
A11: ETX | B11: East Texas | D11: 5A D2
A12: FTW | B12: Fort Worth | D12: 6A D1
A13: HOU | B13: Houston | D13: 6A D2
A14: NTX | B14: North Texas
A15: PBC | B15: Permian Basin
A16: PVC | B16: Pecan Valley
A17: RGV | B17: Rio Grande Valley
A18: SAN | B18: San Angelo
A19: SAT | B19: San Antonio
A20: SFA | B20: Stephen F. Austin
A21: SPC | B21: South Plains
A22: STX | B22: South Texas
A23: TYL | B23: Tyler
A24: WAC | B24: Waco
